Date,Mood Score
2025-01-01,6
2025-01-02,4
2025-01-03,3
2025-01-04,6
2025-01-05,5
2025-01-06,7
2025-01-07,6
2025-01-08,6
2025-01-09,5
2025-01-10,4
2025-01-11,7
2025-01-12,6
2025-01-13,7
2025-01-14,6
2025-01-15,7
2025-01-16,3
2025-01-17,7
2025-01-18,5
2025-01-19,4
2025-01-20,7
2025-01-21,6
2025-01-22,3
2025-01-23,6
2025-01-24,6
2025-01-25,6
2025-01-26,3
2025-01-27,4
2025-01-28,4
2025-01-29,4
2025-01-30,6
2025-01-31,6
